{"count":1,"gauges":{},"self":72.6967232,"total":89.7978232,"children":{"AgentResetIfDone":{"count":4342,"self":0.1134019,"total":0.1134019,"children":null},"AgentSendState":{"count":4342,"self":1.2422182,"total":1.949577,"children":{"CollectObservations":{"count":43420,"self":0.7073588,"total":0.7073588,"children":null}}},"DecideAction":{"count":4342,"self":14.794438399999999,"total":14.7944382,"children":null},"AcademyStep":{"count":4342,"self":0.098625999999999991,"total":0.098625999999999991,"children":null},"AgentAct":{"count":4342,"self":0.1401007,"total":0.1401007,"children":null}}}