{"count":1,"gauges":{},"self":1.8516,"total":1.8644967,"children":{"AgentResetIfDone":{"count":59,"self":0.0010218999999999998,"total":0.0010218999999999998,"children":null},"AgentSendState":{"count":59,"self":0.0049610999999999995,"total":0.0079165,"children":{"CollectObservations":{"count":59,"self":0.0029554,"total":0.0029554,"children":null}}},"DecideAction":{"count":59,"self":0.0019735,"total":0.0019735,"children":null}}}