{"count":1,"gauges":{},"self":15.6899584,"total":15.893752699999999,"children":{"AgentResetIfDone":{"count":753,"self":0.009900599999999999,"total":0.009900599999999999,"children":null},"AgentSendState":{"count":753,"self":0.0119829,"total":0.0219588,"children":{"CollectObservations":{"count":753,"self":0.0099759,"total":0.0099759,"children":null}}},"DecideAction":{"count":753,"self":0.0129903,"total":0.0129903,"children":null},"AcademyStep":{"count":753,"self":0.0039938,"total":0.0039938,"children":null},"AgentAct":{"count":753,"self":0.1539544,"total":0.1539544,"children":null}}}